{
  "test_timestamp": "2025-06-12T14:39:44.242756",
  "baseline_metrics": {
    "historical_days": 20,
    "avg_volume": 23613.5,
    "avg_volatility": 0.3049383167277895,
    "prediction_accuracy": 54.04334882902263
  },
  "accuracy_analysis": {},
  "overall_status": "POOR"
}
