{
  "test_timestamp": "2025-06-11T23:10:58.101296",
  "baseline_metrics": {
    "historical_days": 20,
    "avg_volume": 21942.1,
    "avg_volatility": 0.31036823679240527,
    "prediction_accuracy": 55.706698734985004
  },
  "accuracy_analysis": {},
  "overall_status": "POOR"
}
